2018-02-10 18:50:36,619,INFO,193.452000, 0.000000, 0.000000, 0.000000, 0.000000, straight, 0.000000, 0.000000
2018-02-10 18:50:36,671,INFO,193.452000, 0.000000, 71.344000, 0.000000, 0.000000, straight, 0.000000, 0.000000
2018-02-10 18:50:36,724,INFO,193.452000, 1695.620500, 71.344000, 0.000000, 0.000000, right, -0.080000, 0.368794
2018-02-10 18:50:36,777,INFO,193.452000, 1695.620500, 71.344000, 0.000000, 0.000000, right, 0.000000, 0.368794
2018-02-10 18:50:36,830,INFO,193.966500, 1695.620500, 71.344000, 0.000000, 0.000000, right, -0.080000, 0.367816
2018-02-10 18:50:36,883,INFO,193.966500, 1695.620500, 71.515500, 0.000000, 0.000000, left, 0.080000, 0.368700
2018-02-10 18:50:36,935,INFO,193.966500, 1681.043000, 71.515500, 0.000000, 291.550000, left, 0.000000, 0.368700
2018-02-10 18:50:36,988,INFO,193.966500, 1681.043000, 71.515500, 0.000000, 291.550000, left, 0.000000, 0.368700
2018-02-10 18:50:37,041,INFO,287.434000, 1681.043000, 71.515500, 0.000000, 291.550000, right, -0.080000, 0.248807
2018-02-10 18:50:37,094,INFO,287.434000, 1681.043000, 74.088000, 0.000000, 291.550000, left, 0.080000, 0.257757
2018-02-10 18:50:37,146,INFO,287.434000, 1641.255000, 74.088000, 0.000000, 795.760000, left, 0.000000, 0.257757
2018-02-10 18:50:37,199,INFO,287.434000, 1641.255000, 74.088000, 0.000000, 795.760000, left, 0.000000, 0.257757
2018-02-10 18:50:37,252,INFO,278.859000, 1641.255000, 74.088000, 0.000000, 795.760000, left, 0.080000, 0.265683
2018-02-10 18:50:37,305,INFO,278.859000, 1641.255000, 77.003500, 0.000000, 795.760000, left, 0.160000, 0.276138
2018-02-10 18:50:37,359,INFO,278.859000, 1547.787500, 77.003500, 0.000000, 1869.350000, left, 0.000000, 0.276138
2018-02-10 18:50:37,413,INFO,278.859000, 1547.787500, 77.003500, 0.000000, 1869.350000, left, 0.000000, 0.276138
2018-02-10 18:50:37,467,INFO,331.509500, 1547.787500, 77.003500, 0.000000, 1869.350000, right, -0.080000, 0.232281
2018-02-10 18:50:37,522,INFO,331.509500, 1547.787500, 79.404500, 0.000000, 1869.350000, left, 0.080000, 0.239524
2018-02-10 18:50:37,576,INFO,331.509500, 1483.475000, 79.404500, 0.000000, 1286.250000, left, 0.000000, 0.239524
2018-02-10 18:50:37,631,INFO,331.509500, 1483.475000, 79.404500, 0.000000, 1286.250000, left, 0.000000, 0.239524
2018-02-10 18:50:37,685,INFO,371.126000, 1483.475000, 79.404500, 0.000000, 1286.250000, right, -0.080000, 0.213956
2018-02-10 18:50:37,740,INFO,371.126000, 1483.475000, 80.262000, 0.000000, 1286.250000, left, 0.080000, 0.216266
2018-02-10 18:50:37,794,INFO,371.126000, 1372.686000, 80.262000, 0.000000, 2215.780000, left, 0.000000, 0.216266
2018-02-10 18:50:37,849,INFO,371.126000, 1372.686000, 80.262000, 0.000000, 2215.780000, left, 0.000000, 0.216266
2018-02-10 18:50:37,904,INFO,439.897500, 1372.686000, 80.262000, 0.000000, 2215.780000, right, -0.080000, 0.182456
2018-02-10 18:50:37,958,INFO,439.897500, 1372.686000, 78.718500, 0.000000, 2215.780000, right, -0.160000, 0.178947
2018-02-10 18:50:38,013,INFO,439.897500, 1232.056000, 78.718500, 0.000000, 2812.600000, right, 0.000000, 0.178947
2018-02-10 18:50:38,067,INFO,439.897500, 1232.056000, 78.718500, 0.000000, 2812.600000, right, 0.000000, 0.178947
2018-02-10 18:50:38,122,INFO,468.195000, 1232.056000, 78.718500, 0.000000, 2812.600000, right, -0.080000, 0.168132
2018-02-10 18:50:38,176,INFO,468.195000, 1232.056000, 77.003500, 0.000000, 2812.600000, right, -0.160000, 0.164469
2018-02-10 18:50:38,231,INFO,468.195000, 1525.664000, 77.003500, 0.000000, 2812.600000, right, 0.000000, 0.164469
2018-02-10 18:50:38,285,INFO,468.195000, 1525.664000, 77.003500, 0.000000, 2812.600000, right, 0.000000, 0.164469
2018-02-10 18:50:38,340,INFO,509.183500, 1525.664000, 77.003500, 0.000000, 2812.600000, right, -0.080000, 0.151229
2018-02-10 18:50:38,394,INFO,509.183500, 1525.664000, 73.745000, 0.000000, 2812.600000, right, -0.160000, 0.144830
2018-02-10 18:50:38,449,INFO,509.183500, 2018.898000, 73.745000, 0.000000, 2812.600000, right, 0.000000, 0.144830
2018-02-10 18:50:38,503,INFO,509.183500, 2018.898000, 73.745000, 0.000000, 2812.600000, right, 0.000000, 0.144830
2018-02-10 18:50:38,558,INFO,534.222500, 2018.898000, 73.745000, 0.000000, 2812.600000, right, -0.080000, 0.138042
2018-02-10 18:50:38,613,INFO,534.222500, 2018.898000, 71.344000, 0.000000, 2812.600000, right, -0.160000, 0.133547
2018-02-10 18:50:38,667,INFO,534.222500, 2010.151500, 71.344000, 0.000000, 174.930000, right, 0.000000, 0.133547
2018-02-10 18:50:38,722,INFO,534.222500, 2010.151500, 71.344000, 0.000000, 174.930000, right, 0.000000, 0.133547
2018-02-10 18:50:38,776,INFO,495.292000, 2010.151500, 71.344000, 0.000000, 174.930000, left, 0.080000, 0.144044
2018-02-10 18:50:38,831,INFO,495.292000, 2010.151500, 67.056500, 0.000000, 174.930000, right, -0.080000, 0.135388
2018-02-10 18:50:38,885,INFO,495.292000, 2113.394500, 67.056500, 0.000000, 174.930000, right, 0.000000, 0.135388
2018-02-10 18:50:38,940,INFO,495.292000, 2113.394500, 67.056500, 0.000000, 174.930000, right, 0.000000, 0.135388
2018-02-10 18:50:38,994,INFO,422.061500, 2113.394500, 67.056500, 0.000000, 174.930000, left, 0.080000, 0.158879
2018-02-10 18:50:39,049,INFO,422.061500, 2113.394500, 64.655500, 0.000000, 174.930000, right, -0.080000, 0.153190
2018-02-10 18:50:39,103,INFO,422.061500, 2113.394500, 64.655500, 0.000000, 174.930000, right, 0.000000, 0.153190
2018-02-10 18:50:39,158,INFO,422.061500, 2113.394500, 64.655500, 0.000000, 174.930000, right, 0.000000, 0.153190
2018-02-10 18:50:39,212,INFO,398.737500, 2113.394500, 64.655500, 0.000000, 174.930000, left, 0.080000, 0.162151
2018-02-10 18:50:39,267,INFO,398.737500, 2113.394500, 61.568500, 0.000000, 174.930000, right, -0.080000, 0.154409
2018-02-10 18:50:39,321,INFO,398.737500, 2237.217500, 61.568500, 0.000000, 174.930000, right, 0.000000, 0.154409
2018-02-10 18:50:39,376,INFO,398.737500, 2237.217500, 61.568500, 0.000000, 174.930000, right, 0.000000, 0.154409
2018-02-10 18:50:39,431,INFO,370.440000, 2237.217500, 61.568500, 0.000000, 174.930000, left, 0.080000, 0.166204
2018-02-10 18:50:39,485,INFO,370.440000, 2237.217500, 59.682000, 0.000000, 174.930000, right, -0.080000, 0.161111
2018-02-10 18:50:39,540,INFO,370.440000, 2251.280500, 59.682000, 0.000000, 174.930000, right, 0.000000, 0.161111
2018-02-10 18:50:39,594,INFO,370.440000, 2251.280500, 59.682000, 0.000000, 174.930000, right, 0.000000, 0.161111
2018-02-10 18:50:39,649,INFO,434.581000, 2251.280500, 59.682000, 0.000000, 174.930000, right, -0.080000, 0.137332
2018-02-10 18:50:39,704,INFO,434.581000, 2251.280500, 66.542000, 0.000000, 174.930000, left, 0.080000, 0.153118
2018-02-10 18:50:39,758,INFO,434.581000, 2185.767500, 66.542000, 0.000000, 1310.260000, left, 0.000000, 0.153118
2018-02-10 18:50:39,813,INFO,434.581000, 2185.767500, 66.542000, 0.000000, 1310.260000, left, 0.000000, 0.153118
2018-02-10 18:50:39,867,INFO,363.237000, 2185.767500, 66.542000, 0.000000, 1310.260000, left, 0.080000, 0.183192
2018-02-10 18:50:39,922,INFO,363.237000, 2185.767500, 75.460000, 0.000000, 1310.260000, left, 0.160000, 0.207743
2018-02-10 18:50:39,976,INFO,363.237000, 2117.167500, 75.460000, 0.000000, 1372.000000, left, 0.000000, 0.207743
2018-02-10 18:50:40,030,INFO,363.237000, 2117.167500, 75.460000, 0.000000, 1372.000000, left, 0.000000, 0.207743
2018-02-10 18:50:40,085,INFO,436.810500, 2117.167500, 75.460000, 0.000000, 1372.000000, right, -0.080000, 0.172752
2018-02-10 18:50:40,139,INFO,436.810500, 2117.167500, 78.718500, 0.000000, 1372.000000, left, 0.080000, 0.180212
2018-02-10 18:50:40,194,INFO,436.810500, 2041.707500, 78.718500, 0.000000, 1509.200000, left, 0.000000, 0.180212
2018-02-10 18:50:40,248,INFO,436.810500, 2041.707500, 78.718500, 0.000000, 1509.200000, left, 0.000000, 0.180212
2018-02-10 18:50:40,303,INFO,529.077500, 2041.707500, 78.718500, 0.000000, 1509.200000, right, -0.080000, 0.148784
2018-02-10 18:50:40,357,INFO,529.077500, 2041.707500, 79.576000, 0.000000, 1509.200000, left, 0.080000, 0.150405
2018-02-10 18:50:40,411,INFO,529.077500, 1845.854500, 79.576000, 0.000000, 3917.060000, left, 0.000000, 0.150405
2018-02-10 18:50:40,466,INFO,529.077500, 1845.854500, 79.576000, 0.000000, 3917.060000, left, 0.000000, 0.150405
2018-02-10 18:50:40,520,INFO,684.971000, 1845.854500, 79.576000, 0.000000, 3917.060000, right, -0.080000, 0.116174
2018-02-10 18:50:40,575,INFO,684.971000, 1845.854500, 78.890000, 0.000000, 3917.060000, right, -0.160000, 0.115173
2018-02-10 18:50:40,629,INFO,684.971000, 1801.264500, 78.890000, 0.000000, 891.800000, right, 0.000000, 0.115173
2018-02-10 18:50:40,683,INFO,684.971000, 1801.264500, 78.890000, 0.000000, 891.800000, right, 0.000000, 0.115173
2018-02-10 18:50:40,738,INFO,803.477500, 1801.264500, 78.890000, 0.000000, 891.800000, right, -0.080000, 0.098186
2018-02-10 18:50:40,792,INFO,803.477500, 1801.264500, 75.803000, 0.000000, 891.800000, right, -0.160000, 0.094344
2018-02-10 18:50:40,847,INFO,803.477500, 1595.121500, 75.803000, 0.000000, 4122.860000, right, 0.000000, 0.094344
2018-02-10 18:50:40,902,INFO,803.477500, 1595.121500, 75.803000, 0.000000, 4122.860000, right, 0.000000, 0.094344
2018-02-10 18:50:40,956,INFO,792.844500, 1595.121500, 75.803000, 0.000000, 4122.860000, left, 0.080000, 0.095609
2018-02-10 18:50:41,011,INFO,792.844500, 1595.121500, 73.573500, 0.000000, 4122.860000, right, -0.080000, 0.092797
2018-02-10 18:50:41,066,INFO,792.844500, 1512.115500, 73.573500, 0.000000, 1660.120000, right, 0.000000, 0.092797
2018-02-10 18:50:41,121,INFO,792.844500, 1512.115500, 73.573500, 0.000000, 1660.120000, right, 0.000000, 0.092797
2018-02-10 18:50:41,175,INFO,770.892500, 1512.115500, 73.573500, 0.000000, 1660.120000, left, 0.080000, 0.095439
2018-02-10 18:50:41,230,INFO,770.892500, 1512.115500, 71.858500, 0.000000, 1660.120000, right, -0.080000, 0.093215
2018-02-10 18:50:41,284,INFO,770.892500, 1337.014000, 71.858500, 0.000000, 3502.030000, right, 0.000000, 0.093215
2018-02-10 18:50:41,338,INFO,770.892500, 1337.014000, 71.858500, 0.000000, 3502.030000, right, 0.000000, 0.093215
2018-02-10 18:50:41,393,INFO,754.257000, 1337.014000, 71.858500, 0.000000, 3502.030000, left, 0.080000, 0.095271
2018-02-10 18:50:41,447,INFO,754.257000, 1337.014000, 67.571000, 0.000000, 3502.030000, right, -0.080000, 0.089586
2018-02-10 18:50:41,501,INFO,754.257000, 1208.560500, 67.571000, 0.000000, 2569.070000, right, 0.000000, 0.089586
2018-02-10 18:50:41,556,INFO,754.257000, 1208.560500, 67.571000, 0.000000, 2569.070000, right, 0.000000, 0.089586
2018-02-10 18:50:41,610,INFO,792.158500, 1208.560500, 67.571000, 0.000000, 2569.070000, right, -0.080000, 0.085300
2018-02-10 18:50:41,665,INFO,792.158500, 1208.560500, 69.457500, 0.000000, 2569.070000, left, 0.080000, 0.087681
2018-02-10 18:50:41,719,INFO,792.158500, 1068.273500, 69.457500, 0.000000, 2805.740000, left, 0.000000, 0.087681
2018-02-10 18:50:41,773,INFO,792.158500, 1068.273500, 69.457500, 0.000000, 2805.740000, left, 0.000000, 0.087681
2018-02-10 18:50:41,828,INFO,796.274500, 1068.273500, 69.457500, 0.000000, 2805.740000, right, -0.080000, 0.087228
2018-02-10 18:50:41,882,INFO,796.274500, 1068.273500, 62.597500, 0.000000, 2805.740000, right, -0.160000, 0.078613
2018-02-10 18:50:41,937,INFO,796.274500, 896.087500, 62.597500, 0.000000, 3443.720000, right, 0.000000, 0.078613
2018-02-10 18:50:41,991,INFO,796.274500, 896.087500, 62.597500, 0.000000, 3443.720000, right, 0.000000, 0.078613
2018-02-10 18:50:42,046,INFO,811.538000, 896.087500, 62.597500, 0.000000, 3443.720000, right, -0.080000, 0.077134
2018-02-10 18:50:42,100,INFO,811.538000, 896.087500, 59.167500, 0.000000, 3443.720000, right, -0.160000, 0.072908
2018-02-10 18:50:42,155,INFO,811.538000, 812.052500, 59.167500, 0.000000, 1680.700000, right, 0.000000, 0.072908
2018-02-10 18:50:42,210,INFO,811.538000, 812.052500, 59.167500, 0.000000, 1680.700000, right, 0.000000, 0.072908
2018-02-10 18:50:42,264,INFO,825.086500, 812.052500, 59.167500, 0.000000, 1680.700000, right, -0.080000, 0.071711
2018-02-10 18:50:42,318,INFO,825.086500, 812.052500, 55.909000, 0.000000, 1680.700000, right, -0.160000, 0.067761
2018-02-10 18:50:42,373,INFO,825.086500, 637.465500, 55.909000, 0.000000, 3491.740000, right, 0.000000, 0.067761
2018-02-10 18:50:42,427,INFO,825.086500, 637.465500, 55.909000, 0.000000, 3491.740000, right, 0.000000, 0.067761
2018-02-10 18:53:30,154,INFO,320.705000, 0.000000, 0.000000, 0.000000, 0.000000, straight, 0.000000, 0.000000
2018-02-10 18:53:30,207,INFO,320.705000, 0.000000, 97.755000, 0.000000, 0.000000, straight, 0.000000, 0.000000
2018-02-10 18:53:30,260,INFO,320.705000, 1960.931000, 97.755000, 0.000000, 0.000000, right, -0.080000, 0.304813
2018-02-10 18:53:30,312,INFO,320.705000, 1960.931000, 97.755000, 0.000000, 0.000000, right, 0.000000, 0.304813
2018-02-10 18:53:30,365,INFO,325.335500, 1960.931000, 97.755000, 0.000000, 0.000000, right, -0.080000, 0.300474
2018-02-10 18:53:30,418,INFO,325.335500, 1960.931000, 98.955500, 0.000000, 0.000000, left, 0.080000, 0.304164
2018-02-10 18:53:30,471,INFO,325.335500, 1931.261500, 98.955500, 0.000000, 593.390000, left, 0.000000, 0.304164
2018-02-10 18:53:30,523,INFO,325.335500, 1931.261500, 98.955500, 0.000000, 593.390000, left, 0.000000, 0.304164
2018-02-10 18:53:30,576,INFO,287.091000, 1931.261500, 98.955500, 0.000000, 593.390000, left, 0.080000, 0.344683
2018-02-10 18:53:30,629,INFO,287.091000, 1931.261500, 100.499000, 0.000000, 593.390000, left, 0.160000, 0.350060
2018-02-10 18:53:30,682,INFO,287.091000, 1894.560500, 100.499000, 0.000000, 734.020000, left, 0.000000, 0.350060
2018-02-10 18:53:30,735,INFO,287.091000, 1894.560500, 100.499000, 0.000000, 734.020000, left, 0.000000, 0.350060
2018-02-10 18:53:30,787,INFO,240.614500, 1894.560500, 100.499000, 0.000000, 734.020000, left, 0.080000, 0.417676
2018-02-10 18:53:30,841,INFO,240.614500, 1894.560500, 102.042500, 0.000000, 734.020000, left, 0.160000, 0.424091
2018-02-10 18:53:30,895,INFO,240.614500, 1809.153500, 102.042500, 0.000000, 1708.140000, left, 0.000000, 0.424091
2018-02-10 18:53:30,950,INFO,240.614500, 1809.153500, 102.042500, 0.000000, 1708.140000, left, 0.000000, 0.424091
2018-02-10 18:53:31,004,INFO,265.310500, 1809.153500, 102.042500, 0.000000, 1708.140000, right, -0.080000, 0.384615
2018-02-10 18:53:31,059,INFO,265.310500, 1809.153500, 103.757500, 0.000000, 1708.140000, left, 0.080000, 0.391080
2018-02-10 18:53:31,113,INFO,265.310500, 1630.793500, 103.757500, 0.000000, 3567.200000, left, 0.000000, 0.391080
2018-02-10 18:53:31,167,INFO,265.310500, 1630.793500, 103.757500, 0.000000, 3567.200000, left, 0.000000, 0.391080
2018-02-10 18:53:31,222,INFO,254.506000, 1630.793500, 103.757500, 0.000000, 3567.200000, left, 0.080000, 0.407682
2018-02-10 18:53:31,276,INFO,254.506000, 1630.793500, 102.557000, 0.000000, 3567.200000, right, -0.080000, 0.402965
2018-02-10 18:53:31,330,INFO,254.506000, 1544.529000, 102.557000, 0.000000, 1725.290000, right, 0.000000, 0.402965
2018-02-10 18:53:31,385,INFO,254.506000, 1544.529000, 102.557000, 0.000000, 1725.290000, right, 0.000000, 0.402965
2018-02-10 18:53:31,439,INFO,287.262500, 1544.529000, 102.557000, 0.000000, 1725.290000, right, -0.080000, 0.357015
2018-02-10 18:53:31,493,INFO,287.262500, 1544.529000, 99.813000, 0.000000, 1725.290000, right, -0.160000, 0.347463
2018-02-10 18:53:31,548,INFO,287.262500, 1479.016000, 99.813000, 0.000000, 1310.260000, right, 0.000000, 0.347463
2018-02-10 18:53:31,602,INFO,287.262500, 1479.016000, 99.813000, 0.000000, 1310.260000, right, 0.000000, 0.347463
2018-02-10 18:53:31,656,INFO,382.788000, 1479.016000, 99.813000, 0.000000, 1310.260000, right, -0.080000, 0.260753
2018-02-10 18:53:31,711,INFO,382.788000, 1479.016000, 93.296000, 0.000000, 1310.260000, right, -0.160000, 0.243728
2018-02-10 18:53:31,765,INFO,382.788000, 1328.096000, 93.296000, 0.000000, 3018.400000, right, 0.000000, 0.243728
2018-02-10 18:53:31,819,INFO,382.788000, 1328.096000, 93.296000, 0.000000, 3018.400000, right, 0.000000, 0.243728
2018-02-10 18:53:31,874,INFO,435.781500, 1328.096000, 93.296000, 0.000000, 3018.400000, right, -0.080000, 0.214089
2018-02-10 18:53:31,928,INFO,435.781500, 1328.096000, 85.578500, 0.000000, 3018.400000, right, -0.160000, 0.196379
2018-02-10 18:53:31,982,INFO,435.781500, 1567.510000, 85.578500, 0.000000, 3018.400000, right, 0.000000, 0.196379
2018-02-10 18:53:32,037,INFO,435.781500, 1567.510000, 85.578500, 0.000000, 3018.400000, right, 0.000000, 0.196379
2018-02-10 18:53:32,091,INFO,437.668000, 1567.510000, 85.578500, 0.000000, 3018.400000, right, -0.080000, 0.195533
2018-02-10 18:53:32,145,INFO,437.668000, 1567.510000, 74.431000, 0.000000, 3018.400000, right, -0.160000, 0.170063
2018-02-10 18:53:32,200,INFO,437.668000, 1668.180500, 74.431000, 0.000000, 3018.400000, right, 0.000000, 0.170063
2018-02-10 18:53:32,254,INFO,437.668000, 1668.180500, 74.431000, 0.000000, 3018.400000, right, 0.000000, 0.170063
2018-02-10 18:53:32,309,INFO,400.452500, 1668.180500, 74.431000, 0.000000, 3018.400000, left, 0.080000, 0.185867
2018-02-10 18:53:32,363,INFO,400.452500, 1668.180500, 67.742500, 0.000000, 3018.400000, right, -0.080000, 0.169165
2018-02-10 18:53:32,417,INFO,400.452500, 1668.180500, 67.742500, 0.000000, 3018.400000, right, 0.000000, 0.169165
2018-02-10 18:53:32,472,INFO,400.452500, 1668.180500, 67.742500, 0.000000, 3018.400000, right, 0.000000, 0.169165
2018-02-10 18:53:32,527,INFO,379.872500, 1668.180500, 67.742500, 0.000000, 3018.400000, left, 0.080000, 0.178330
2018-02-10 18:53:32,581,INFO,379.872500, 1668.180500, 59.853500, 0.000000, 3018.400000, right, -0.080000, 0.157562
2018-02-10 18:53:32,636,INFO,379.872500, 1971.392500, 59.853500, 0.000000, 3018.400000, right, 0.000000, 0.157562
2018-02-10 18:53:32,690,INFO,379.872500, 1971.392500, 59.853500, 0.000000, 3018.400000, right, 0.000000, 0.157562
2018-02-10 18:53:32,745,INFO,432.008500, 1971.392500, 59.853500, 0.000000, 3018.400000, right, -0.080000, 0.138547
2018-02-10 18:53:32,799,INFO,432.008500, 1971.392500, 56.080500, 0.000000, 3018.400000, right, -0.160000, 0.129813
2018-02-10 18:53:32,854,INFO,432.008500, 2070.691000, 56.080500, 0.000000, 3018.400000, right, 0.000000, 0.129813
2018-02-10 18:56:49,194,INFO,185.048500, 0.000000, 0.000000, 0.000000, 0.000000, straight, 0.000000, 0.000000
2018-02-10 18:56:49,247,INFO,185.048500, 0.000000, 109.588500, 0.000000, 0.000000, straight, 0.000000, 0.000000
2018-02-10 18:56:49,300,INFO,185.048500, 1954.585500, 109.588500, 0.000000, 0.000000, right, -0.080000, 0.592215
2018-02-10 18:56:49,353,INFO,185.048500, 1954.585500, 109.588500, 0.000000, 0.000000, right, 0.000000, 0.592215
2018-02-10 18:56:49,406,INFO,185.048500, 1954.585500, 109.588500, 0.000000, 0.000000, right, 0.000000, 0.592215
2018-02-10 18:56:49,458,INFO,185.048500, 1954.585500, 109.931500, 0.000000, 0.000000, left, 0.080000, 0.594069
2018-02-10 18:56:49,511,INFO,185.048500, 1925.602000, 109.931500, 0.000000, 579.670000, left, 0.000000, 0.594069
2018-02-10 18:56:49,564,INFO,185.048500, 1925.602000, 109.931500, 0.000000, 579.670000, left, 0.000000, 0.594069
2018-02-10 18:56:49,617,INFO,185.391500, 1925.602000, 109.931500, 0.000000, 579.670000, right, -0.080000, 0.592969
2018-02-10 18:56:49,670,INFO,185.391500, 1925.602000, 115.591000, 0.000000, 579.670000, left, 0.080000, 0.623497
2018-02-10 18:56:49,723,INFO,185.391500, 1857.173500, 115.591000, 0.000000, 1368.570000, left, 0.000000, 0.623497
2018-02-10 18:56:49,775,INFO,185.391500, 1857.173500, 115.591000, 0.000000, 1368.570000, left, 0.000000, 0.623497
2018-02-10 18:56:49,828,INFO,197.225000, 1857.173500, 115.591000, 0.000000, 1368.570000, right, -0.080000, 0.586087
2018-02-10 18:56:49,882,INFO,197.225000, 1857.173500, 122.622500, 0.000000, 1368.570000, left, 0.080000, 0.621739
2018-02-10 18:56:49,937,INFO,197.225000, 1680.871500, 122.622500, 0.000000, 3526.040000, left, 0.000000, 0.621739
2018-02-10 18:56:49,991,INFO,197.225000, 1680.871500, 122.622500, 0.000000, 3526.040000, left, 0.000000, 0.621739
2018-02-10 18:56:50,046,INFO,237.356000, 1680.871500, 122.622500, 0.000000, 3526.040000, right, -0.080000, 0.516618
2018-02-10 18:56:50,100,INFO,237.356000, 1680.871500, 133.255500, 0.000000, 3526.040000, left, 0.080000, 0.561416
2018-02-10 18:56:50,155,INFO,237.356000, 1634.566500, 133.255500, 0.000000, 926.100000, left, 0.000000, 0.561416
2018-02-10 18:56:50,209,INFO,237.356000, 1634.566500, 133.255500, 0.000000, 926.100000, left, 0.000000, 0.561416
2018-02-10 18:56:50,263,INFO,236.841500, 1634.566500, 133.255500, 0.000000, 926.100000, left, 0.080000, 0.562636
2018-02-10 18:56:50,318,INFO,236.841500, 1634.566500, 141.316000, 0.000000, 926.100000, left, 0.160000, 0.596669
2018-02-10 18:56:50,372,INFO,236.841500, 1506.284500, 141.316000, 0.000000, 2565.640000, left, 0.000000, 0.596669
2018-02-10 18:56:50,427,INFO,236.841500, 1506.284500, 141.316000, 0.000000, 2565.640000, left, 0.000000, 0.596669
2018-02-10 18:56:50,481,INFO,357.749000, 1506.284500, 141.316000, 0.000000, 2565.640000, right, -0.080000, 0.395014
2018-02-10 18:56:50,536,INFO,357.749000, 1506.284500, 152.806500, 0.000000, 2565.640000, left, 0.080000, 0.427133
2018-02-10 18:56:50,590,INFO,357.749000, 1388.464000, 152.806500, 0.000000, 2356.410000, left, 0.000000, 0.427133
2018-02-10 18:56:50,644,INFO,357.749000, 1388.464000, 152.806500, 0.000000, 2356.410000, left, 0.000000, 0.427133
2018-02-10 18:56:50,699,INFO,387.933000, 1388.464000, 152.806500, 0.000000, 2356.410000, right, -0.080000, 0.393899
2018-02-10 18:56:50,753,INFO,387.933000, 1388.464000, 154.350000, 0.000000, 2356.410000, left, 0.080000, 0.397878
2018-02-10 18:56:50,808,INFO,387.933000, 1314.033000, 154.350000, 0.000000, 1488.620000, left, 0.000000, 0.397878
2018-02-10 18:56:50,862,INFO,387.933000, 1314.033000, 154.350000, 0.000000, 1488.620000, left, 0.000000, 0.397878
2018-02-10 18:56:50,917,INFO,355.176500, 1314.033000, 154.350000, 0.000000, 1488.620000, left, 0.080000, 0.434573
2018-02-10 18:56:50,971,INFO,355.176500, 1314.033000, 155.379000, 0.000000, 1488.620000, left, 0.160000, 0.437470
2018-02-10 18:56:51,026,INFO,355.176500, 1241.831500, 155.379000, 0.000000, 1444.030000, left, 0.000000, 0.437470
2018-02-10 18:56:51,080,INFO,355.176500, 1241.831500, 155.379000, 0.000000, 1444.030000, left, 0.000000, 0.437470
2018-02-10 18:56:51,135,INFO,372.498000, 1241.831500, 155.379000, 0.000000, 1444.030000, right, -0.080000, 0.417127
2018-02-10 18:56:51,189,INFO,372.498000, 1241.831500, 154.864500, 0.000000, 1444.030000, right, -0.160000, 0.415746
2018-02-10 18:56:51,244,INFO,372.498000, 1464.781500, 154.864500, 0.000000, 1444.030000, right, 0.000000, 0.415746
2018-02-10 18:56:51,298,INFO,372.498000, 1464.781500, 154.864500, 0.000000, 1444.030000, right, 0.000000, 0.415746
2018-02-10 18:56:51,353,INFO,403.882500, 1464.781500, 154.864500, 0.000000, 1444.030000, right, -0.080000, 0.383439
2018-02-10 18:56:51,407,INFO,403.882500, 1464.781500, 153.835500, 0.000000, 1444.030000, right, -0.160000, 0.380892
2018-02-10 18:56:51,462,INFO,403.882500, 1960.416500, 153.835500, 0.000000, 1444.030000, right, 0.000000, 0.380892
2018-02-10 18:56:51,517,INFO,403.882500, 1960.416500, 153.835500, 0.000000, 1444.030000, right, 0.000000, 0.380892
2018-02-10 18:56:51,571,INFO,433.209000, 1960.416500, 153.835500, 0.000000, 1444.030000, right, -0.080000, 0.355107
2018-02-10 18:56:51,626,INFO,433.209000, 1960.416500, 151.606000, 0.000000, 1444.030000, right, -0.160000, 0.349960
2018-02-10 18:56:51,680,INFO,433.209000, 1960.416500, 151.606000, 0.000000, 1444.030000, right, 0.000000, 0.349960
2018-02-10 18:56:51,735,INFO,433.209000, 1960.416500, 151.606000, 0.000000, 1444.030000, right, 0.000000, 0.349960
2018-02-10 18:56:51,789,INFO,424.634000, 1960.416500, 151.606000, 0.000000, 1444.030000, left, 0.080000, 0.357027
2018-02-10 18:56:51,844,INFO,424.634000, 1960.416500, 148.004500, 0.000000, 1444.030000, right, -0.080000, 0.348546
2018-02-10 18:56:51,898,INFO,424.634000, 2233.444500, 148.004500, 0.000000, 1444.030000, right, 0.000000, 0.348546
2018-02-10 18:56:51,953,INFO,424.634000, 2233.444500, 148.004500, 0.000000, 1444.030000, right, 0.000000, 0.348546
2018-02-10 18:56:52,007,INFO,359.978500, 2233.444500, 148.004500, 0.000000, 1444.030000, left, 0.080000, 0.411148
2018-02-10 18:56:52,062,INFO,359.978500, 2233.444500, 144.231500, 0.000000, 1444.030000, right, -0.080000, 0.400667
2018-02-10 18:56:52,116,INFO,359.978500, 2269.459500, 144.231500, 0.000000, 1444.030000, right, 0.000000, 0.400667
2018-02-10 18:56:52,171,INFO,359.978500, 2269.459500, 144.231500, 0.000000, 1444.030000, right, 0.000000, 0.400667
2018-02-10 18:56:52,225,INFO,339.398500, 2269.459500, 144.231500, 0.000000, 1444.030000, left, 0.080000, 0.424962
2018-02-10 18:56:52,280,INFO,339.398500, 2269.459500, 140.458500, 0.000000, 1444.030000, right, -0.080000, 0.413845
2018-02-10 18:56:52,335,INFO,339.398500, 2147.351500, 140.458500, 0.000000, 2442.160000, right, 0.000000, 0.413845
2018-02-10 18:56:52,389,INFO,339.398500, 2147.351500, 140.458500, 0.000000, 2442.160000, right, 0.000000, 0.413845
2018-02-10 18:56:52,444,INFO,309.729000, 2147.351500, 140.458500, 0.000000, 2442.160000, left, 0.080000, 0.453488
2018-02-10 18:56:52,498,INFO,309.729000, 2147.351500, 128.453500, 0.000000, 2442.160000, right, -0.080000, 0.414729
2018-02-10 18:56:52,553,INFO,309.729000, 2060.572500, 128.453500, 0.000000, 1735.580000, right, 0.000000, 0.414729
2018-02-10 18:56:52,607,INFO,309.729000, 2060.572500, 128.453500, 0.000000, 1735.580000, right, 0.000000, 0.414729
2018-02-10 18:56:52,662,INFO,284.690000, 2060.572500, 128.453500, 0.000000, 1735.580000, left, 0.080000, 0.451205
2018-02-10 18:56:52,716,INFO,284.690000, 2060.572500, 120.221500, 0.000000, 1735.580000, right, -0.080000, 0.422289
2018-02-10 18:56:52,771,INFO,284.690000, 2047.881500, 120.221500, 0.000000, 253.820000, right, 0.000000, 0.422289
2018-02-10 18:56:52,825,INFO,284.690000, 2047.881500, 120.221500, 0.000000, 253.820000, right, 0.000000, 0.422289
2018-02-10 18:56:52,879,INFO,256.221000, 2047.881500, 120.221500, 0.000000, 253.820000, left, 0.080000, 0.469210
2018-02-10 18:56:52,934,INFO,256.221000, 2047.881500, 108.216500, 0.000000, 253.820000, right, -0.080000, 0.422356
2018-02-10 18:56:52,988,INFO,256.221000, 1974.822500, 108.216500, 0.000000, 1461.180000, right, 0.000000, 0.422356
2018-02-10 18:56:53,042,INFO,256.221000, 1974.822500, 108.216500, 0.000000, 1461.180000, right, 0.000000, 0.422356
2018-02-10 18:56:53,097,INFO,246.960000, 1974.822500, 108.216500, 0.000000, 1461.180000, left, 0.080000, 0.438194
2018-02-10 18:56:53,151,INFO,246.960000, 1974.822500, 102.385500, 0.000000, 1461.180000, right, -0.080000, 0.414583
2018-02-10 18:56:53,205,INFO,246.960000, 1940.008000, 102.385500, 0.000000, 696.290000, right, 0.000000, 0.414583
2018-02-10 18:56:53,260,INFO,246.960000, 1940.008000, 102.385500, 0.000000, 696.290000, right, 0.000000, 0.414583
2018-02-10 18:56:53,314,INFO,414.172500, 1940.008000, 102.385500, 0.000000, 696.290000, right, -0.080000, 0.247205
2018-02-10 18:56:53,369,INFO,414.172500, 1940.008000, 86.436000, 0.000000, 696.290000, right, -0.160000, 0.208696
2018-02-10 18:56:53,423,INFO,414.172500, 1792.003500, 86.436000, 0.000000, 2960.090000, right, 0.000000, 0.208696
2018-02-10 18:56:53,477,INFO,414.172500, 1792.003500, 86.436000, 0.000000, 2960.090000, right, 0.000000, 0.208696
2018-02-10 18:56:53,532,INFO,540.053500, 1792.003500, 86.436000, 0.000000, 2960.090000, right, -0.080000, 0.160051
2018-02-10 18:56:53,586,INFO,540.053500, 1792.003500, 78.718500, 0.000000, 2960.090000, right, -0.160000, 0.145761
2018-02-10 18:56:53,640,INFO,540.053500, 1754.788000, 78.718500, 0.000000, 744.310000, right, 0.000000, 0.145761
2018-02-10 18:56:53,695,INFO,540.053500, 1754.788000, 78.718500, 0.000000, 744.310000, right, 0.000000, 0.145761
2018-02-10 18:56:53,749,INFO,609.682500, 1754.788000, 78.718500, 0.000000, 744.310000, right, -0.080000, 0.129114
2018-02-10 18:56:53,803,INFO,609.682500, 1754.788000, 72.030000, 0.000000, 744.310000, right, -0.160000, 0.118143
2018-02-10 18:56:53,858,INFO,609.682500, 1574.370000, 72.030000, 0.000000, 3608.360000, right, 0.000000, 0.118143
2018-02-10 18:56:53,912,INFO,609.682500, 1574.370000, 72.030000, 0.000000, 3608.360000, right, 0.000000, 0.118143
2018-02-10 18:56:53,967,INFO,722.872500, 1574.370000, 72.030000, 0.000000, 3608.360000, right, -0.080000, 0.099644
2018-02-10 18:56:54,021,INFO,722.872500, 1574.370000, 74.602500, 0.000000, 3608.360000, left, 0.080000, 0.103203
2018-02-10 18:56:54,075,INFO,722.872500, 1487.762500, 74.602500, 0.000000, 1732.150000, left, 0.000000, 0.103203
2018-02-10 18:56:54,130,INFO,722.872500, 1487.762500, 74.602500, 0.000000, 1732.150000, left, 0.000000, 0.103203
2018-02-10 18:56:54,184,INFO,730.075500, 1487.762500, 74.602500, 0.000000, 1732.150000, right, -0.080000, 0.102185
2018-02-10 18:56:54,238,INFO,730.075500, 1487.762500, 73.230500, 0.000000, 1732.150000, right, -0.160000, 0.100305
2018-02-10 18:56:54,297,INFO,730.075500, 1318.320500, 73.230500, 0.000000, 3388.840000, right, 0.000000, 0.100305
2018-02-10 18:56:54,352,INFO,730.075500, 1318.320500, 73.230500, 0.000000, 3388.840000, right, 0.000000, 0.100305
2018-02-10 18:56:54,406,INFO,776.380500, 1318.320500, 73.230500, 0.000000, 3388.840000, right, -0.080000, 0.094323
2018-02-10 18:56:54,461,INFO,776.380500, 1318.320500, 170.642500, 0.000000, 3388.840000, left, 0.080000, 0.219792
2018-02-10 18:56:54,515,INFO,776.380500, 1144.591000, 170.642500, 0.000000, 3474.590000, left, 0.000000, 0.219792
2018-02-10 18:56:54,570,INFO,776.380500, 1144.591000, 170.642500, 0.000000, 3474.590000, left, 0.000000, 0.219792
2018-02-10 18:56:54,624,INFO,786.670500, 1144.591000, 170.642500, 0.000000, 3474.590000, right, -0.080000, 0.216917
2018-02-10 18:56:54,679,INFO,786.670500, 1144.591000, 146.804000, 0.000000, 3474.590000, right, -0.160000, 0.186614
2018-02-10 18:56:54,734,INFO,786.670500, 1093.827000, 146.804000, 0.000000, 1015.280000, right, 0.000000, 0.186614
2018-02-10 18:56:54,788,INFO,786.670500, 1093.827000, 146.804000, 0.000000, 1015.280000, right, 0.000000, 0.186614
2018-02-10 18:56:54,843,INFO,795.760000, 1093.827000, 146.804000, 0.000000, 1015.280000, right, -0.080000, 0.184483
2018-02-10 18:56:54,898,INFO,795.760000, 1093.827000, 110.617500, 0.000000, 1015.280000, right, -0.160000, 0.139009
